Country,Admin1,Event month,Sub-Event Type,Fatalities
Lebanon,Al Nabatieh,2023-10-01,Air/drone strike,21
Lebanon,Al Nabatieh,2023-10-01,Armed clash,0
Lebanon,Al Nabatieh,2023-10-01,Attack,3
Lebanon,Al Nabatieh,2023-10-01,Shelling/artillery/missile attack,22
Lebanon,Al Nabatieh,2023-10-01,Remote explosive/landmine/IED,0
Lebanon,South,2023-10-01,Air/drone strike,5
Lebanon,South,2023-10-01,Armed clash,3
Lebanon,South,2023-10-01,Attack,0
Lebanon,South,2023-10-01,Shelling/artillery/missile attack,5
Lebanon,South,2023-10-01,Remote explosive/landmine/IED,0
Lebanon,Mount Lebanon,2023-10-01,Air/drone strike,0
Lebanon,Mount Lebanon,2023-10-01,Armed clash,0
Lebanon,Mount Lebanon,2023-10-01,Attack,0
Lebanon,Mount Lebanon,2023-10-01,Shelling/artillery/missile attack,0
Lebanon,Mount Lebanon,2023-10-01,Remote explosive/landmine/IED,0
Lebanon,Baalbek-Hermel,2023-10-01,Air/drone strike,0
Lebanon,Baalbek-Hermel,2023-10-01,Armed clash,0
Lebanon,Baalbek-Hermel,2023-10-01,Attack,0
Lebanon,Baalbek-Hermel,2023-10-01,Shelling/artillery/missile attack,0
Lebanon,Baalbek-Hermel,2023-10-01,Remote explosive/landmine/IED,0
Lebanon,Bekaa,2023-10-01,Air/drone strike,0
Lebanon,Bekaa,2023-10-01,Armed clash,0
Lebanon,Bekaa,2023-10-01,Attack,0
Lebanon,Bekaa,2023-10-01,Shelling/artillery/missile attack,0
Lebanon,Bekaa,2023-10-01,Remote explosive/landmine/IED,0
Lebanon,North,2023-10-01,Air/drone strike,0
Lebanon,North,2023-10-01,Armed clash,0
Lebanon,North,2023-10-01,Attack,0
Lebanon,North,2023-10-01,Shelling/artillery/missile attack,0
Lebanon,North,2023-10-01,Remote explosive/landmine/IED,0
Lebanon,Beirut,2023-10-01,Air/drone strike,0
Lebanon,Beirut,2023-10-01,Armed clash,0
Lebanon,Beirut,2023-10-01,Attack,0
Lebanon,Beirut,2023-10-01,Shelling/artillery/missile attack,0
Lebanon,Beirut,2023-10-01,Remote explosive/landmine/IED,0
Lebanon,Akkar,2023-10-01,Air/drone strike,0
Lebanon,Akkar,2023-10-01,Armed clash,0
Lebanon,Akkar,2023-10-01,Attack,0
Lebanon,Akkar,2023-10-01,Shelling/artillery/missile attack,0
Lebanon,Akkar,2023-10-01,Remote explosive/landmine/IED,0
Lebanon,Al Nabatieh,2023-11-01,Air/drone strike,19
Lebanon,Al Nabatieh,2023-11-01,Armed clash,11
Lebanon,Al Nabatieh,2023-11-01,Attack,2
Lebanon,Al Nabatieh,2023-11-01,Shelling/artillery/missile attack,16
Lebanon,Al Nabatieh,2023-11-01,Remote explosive/landmine/IED,0
Lebanon,South,2023-11-01,Air/drone strike,7
Lebanon,South,2023-11-01,Armed clash,0
Lebanon,South,2023-11-01,Attack,0
Lebanon,South,2023-11-01,Shelling/artillery/missile attack,1
Lebanon,South,2023-11-01,Remote explosive/landmine/IED,0
Lebanon,Mount Lebanon,2023-11-01,Air/drone strike,0
Lebanon,Mount Lebanon,2023-11-01,Armed clash,0
Lebanon,Mount Lebanon,2023-11-01,Attack,0
Lebanon,Mount Lebanon,2023-11-01,Shelling/artillery/missile attack,0
Lebanon,Mount Lebanon,2023-11-01,Remote explosive/landmine/IED,0
Lebanon,Baalbek-Hermel,2023-11-01,Air/drone strike,0
Lebanon,Baalbek-Hermel,2023-11-01,Armed clash,0
Lebanon,Baalbek-Hermel,2023-11-01,Attack,0
Lebanon,Baalbek-Hermel,2023-11-01,Shelling/artillery/missile attack,0
Lebanon,Baalbek-Hermel,2023-11-01,Remote explosive/landmine/IED,0
Lebanon,Bekaa,2023-11-01,Air/drone strike,0
Lebanon,Bekaa,2023-11-01,Armed clash,0
Lebanon,Bekaa,2023-11-01,Attack,0
Lebanon,Bekaa,2023-11-01,Shelling/artillery/missile attack,0
Lebanon,Bekaa,2023-11-01,Remote explosive/landmine/IED,0
Lebanon,North,2023-11-01,Air/drone strike,0
Lebanon,North,2023-11-01,Armed clash,0
Lebanon,North,2023-11-01,Attack,0
Lebanon,North,2023-11-01,Shelling/artillery/missile attack,0
Lebanon,North,2023-11-01,Remote explosive/landmine/IED,0
Lebanon,Beirut,2023-11-01,Air/drone strike,0
Lebanon,Beirut,2023-11-01,Armed clash,0
Lebanon,Beirut,2023-11-01,Attack,0
Lebanon,Beirut,2023-11-01,Shelling/artillery/missile attack,0
Lebanon,Beirut,2023-11-01,Remote explosive/landmine/IED,0
Lebanon,Akkar,2023-11-01,Air/drone strike,0
Lebanon,Akkar,2023-11-01,Armed clash,0
Lebanon,Akkar,2023-11-01,Attack,0
Lebanon,Akkar,2023-11-01,Shelling/artillery/missile attack,0
Lebanon,Akkar,2023-11-01,Remote explosive/landmine/IED,0
Lebanon,Al Nabatieh,2023-12-01,Air/drone strike,12
Lebanon,Al Nabatieh,2023-12-01,Armed clash,0
Lebanon,Al Nabatieh,2023-12-01,Attack,1
Lebanon,Al Nabatieh,2023-12-01,Shelling/artillery/missile attack,37
Lebanon,Al Nabatieh,2023-12-01,Remote explosive/landmine/IED,0
Lebanon,South,2023-12-01,Air/drone strike,5
Lebanon,South,2023-12-01,Armed clash,0
Lebanon,South,2023-12-01,Attack,0
Lebanon,South,2023-12-01,Shelling/artillery/missile attack,0
Lebanon,South,2023-12-01,Remote explosive/landmine/IED,0
Lebanon,Mount Lebanon,2023-12-01,Air/drone strike,0
Lebanon,Mount Lebanon,2023-12-01,Armed clash,0
Lebanon,Mount Lebanon,2023-12-01,Attack,0
Lebanon,Mount Lebanon,2023-12-01,Shelling/artillery/missile attack,0
Lebanon,Mount Lebanon,2023-12-01,Remote explosive/landmine/IED,0
Lebanon,Baalbek-Hermel,2023-12-01,Air/drone strike,0
Lebanon,Baalbek-Hermel,2023-12-01,Armed clash,0
Lebanon,Baalbek-Hermel,2023-12-01,Attack,0
Lebanon,Baalbek-Hermel,2023-12-01,Shelling/artillery/missile attack,0
Lebanon,Baalbek-Hermel,2023-12-01,Remote explosive/landmine/IED,0
Lebanon,Bekaa,2023-12-01,Air/drone strike,0
Lebanon,Bekaa,2023-12-01,Armed clash,0
Lebanon,Bekaa,2023-12-01,Attack,0
Lebanon,Bekaa,2023-12-01,Shelling/artillery/missile attack,0
Lebanon,Bekaa,2023-12-01,Remote explosive/landmine/IED,0
Lebanon,North,2023-12-01,Air/drone strike,0
Lebanon,North,2023-12-01,Armed clash,0
Lebanon,North,2023-12-01,Attack,0
Lebanon,North,2023-12-01,Shelling/artillery/missile attack,0
Lebanon,North,2023-12-01,Remote explosive/landmine/IED,0
Lebanon,Beirut,2023-12-01,Air/drone strike,0
Lebanon,Beirut,2023-12-01,Armed clash,0
Lebanon,Beirut,2023-12-01,Attack,0
Lebanon,Beirut,2023-12-01,Shelling/artillery/missile attack,0
Lebanon,Beirut,2023-12-01,Remote explosive/landmine/IED,0
Lebanon,Akkar,2023-12-01,Air/drone strike,0
Lebanon,Akkar,2023-12-01,Armed clash,0
Lebanon,Akkar,2023-12-01,Attack,0
Lebanon,Akkar,2023-12-01,Shelling/artillery/missile attack,0
Lebanon,Akkar,2023-12-01,Remote explosive/landmine/IED,0
Lebanon,Al Nabatieh,2024-01-01,Air/drone strike,26
Lebanon,Al Nabatieh,2024-01-01,Armed clash,0
Lebanon,Al Nabatieh,2024-01-01,Attack,0
Lebanon,Al Nabatieh,2024-01-01,Shelling/artillery/missile attack,14
Lebanon,Al Nabatieh,2024-01-01,Remote explosive/landmine/IED,0
Lebanon,South,2024-01-01,Air/drone strike,12
Lebanon,South,2024-01-01,Armed clash,0
Lebanon,South,2024-01-01,Attack,0
Lebanon,South,2024-01-01,Shelling/artillery/missile attack,6
Lebanon,South,2024-01-01,Remote explosive/landmine/IED,0
Lebanon,Mount Lebanon,2024-01-01,Air/drone strike,7
Lebanon,Mount Lebanon,2024-01-01,Armed clash,0
Lebanon,Mount Lebanon,2024-01-01,Attack,0
Lebanon,Mount Lebanon,2024-01-01,Shelling/artillery/missile attack,0
Lebanon,Mount Lebanon,2024-01-01,Remote explosive/landmine/IED,0
Lebanon,Baalbek-Hermel,2024-01-01,Air/drone strike,0
Lebanon,Baalbek-Hermel,2024-01-01,Armed clash,0
Lebanon,Baalbek-Hermel,2024-01-01,Attack,0
Lebanon,Baalbek-Hermel,2024-01-01,Shelling/artillery/missile attack,0
Lebanon,Baalbek-Hermel,2024-01-01,Remote explosive/landmine/IED,0
Lebanon,Bekaa,2024-01-01,Air/drone strike,0
Lebanon,Bekaa,2024-01-01,Armed clash,0
Lebanon,Bekaa,2024-01-01,Attack,0
Lebanon,Bekaa,2024-01-01,Shelling/artillery/missile attack,0
Lebanon,Bekaa,2024-01-01,Remote explosive/landmine/IED,0
Lebanon,North,2024-01-01,Air/drone strike,0
Lebanon,North,2024-01-01,Armed clash,0
Lebanon,North,2024-01-01,Attack,0
Lebanon,North,2024-01-01,Shelling/artillery/missile attack,0
Lebanon,North,2024-01-01,Remote explosive/landmine/IED,0
Lebanon,Beirut,2024-01-01,Air/drone strike,0
Lebanon,Beirut,2024-01-01,Armed clash,0
Lebanon,Beirut,2024-01-01,Attack,0
Lebanon,Beirut,2024-01-01,Shelling/artillery/missile attack,0
Lebanon,Beirut,2024-01-01,Remote explosive/landmine/IED,0
Lebanon,Akkar,2024-01-01,Air/drone strike,0
Lebanon,Akkar,2024-01-01,Armed clash,0
Lebanon,Akkar,2024-01-01,Attack,0
Lebanon,Akkar,2024-01-01,Shelling/artillery/missile attack,0
Lebanon,Akkar,2024-01-01,Remote explosive/landmine/IED,0
Lebanon,Al Nabatieh,2024-02-01,Air/drone strike,39
Lebanon,Al Nabatieh,2024-02-01,Armed clash,0
Lebanon,Al Nabatieh,2024-02-01,Attack,0
Lebanon,Al Nabatieh,2024-02-01,Shelling/artillery/missile attack,21
Lebanon,Al Nabatieh,2024-02-01,Remote explosive/landmine/IED,0
Lebanon,South,2024-02-01,Air/drone strike,6
Lebanon,South,2024-02-01,Armed clash,0
Lebanon,South,2024-02-01,Attack,0
Lebanon,South,2024-02-01,Shelling/artillery/missile attack,17
Lebanon,South,2024-02-01,Remote explosive/landmine/IED,0
Lebanon,Mount Lebanon,2024-02-01,Air/drone strike,3
Lebanon,Mount Lebanon,2024-02-01,Armed clash,0
Lebanon,Mount Lebanon,2024-02-01,Attack,0
Lebanon,Mount Lebanon,2024-02-01,Shelling/artillery/missile attack,0
Lebanon,Mount Lebanon,2024-02-01,Remote explosive/landmine/IED,0
Lebanon,Baalbek-Hermel,2024-02-01,Air/drone strike,2
Lebanon,Baalbek-Hermel,2024-02-01,Armed clash,0
Lebanon,Baalbek-Hermel,2024-02-01,Attack,0
Lebanon,Baalbek-Hermel,2024-02-01,Shelling/artillery/missile attack,0
Lebanon,Baalbek-Hermel,2024-02-01,Remote explosive/landmine/IED,0
Lebanon,Bekaa,2024-02-01,Air/drone strike,0
Lebanon,Bekaa,2024-02-01,Armed clash,0
Lebanon,Bekaa,2024-02-01,Attack,0
Lebanon,Bekaa,2024-02-01,Shelling/artillery/missile attack,0
Lebanon,Bekaa,2024-02-01,Remote explosive/landmine/IED,0
Lebanon,North,2024-02-01,Air/drone strike,0
Lebanon,North,2024-02-01,Armed clash,0
Lebanon,North,2024-02-01,Attack,0
Lebanon,North,2024-02-01,Shelling/artillery/missile attack,0
Lebanon,North,2024-02-01,Remote explosive/landmine/IED,0
Lebanon,Beirut,2024-02-01,Air/drone strike,0
Lebanon,Beirut,2024-02-01,Armed clash,0
Lebanon,Beirut,2024-02-01,Attack,0
Lebanon,Beirut,2024-02-01,Shelling/artillery/missile attack,0
Lebanon,Beirut,2024-02-01,Remote explosive/landmine/IED,0
Lebanon,Akkar,2024-02-01,Air/drone strike,0
Lebanon,Akkar,2024-02-01,Armed clash,0
Lebanon,Akkar,2024-02-01,Attack,0
Lebanon,Akkar,2024-02-01,Shelling/artillery/missile attack,0
Lebanon,Akkar,2024-02-01,Remote explosive/landmine/IED,0
Lebanon,Al Nabatieh,2024-03-01,Air/drone strike,43
Lebanon,Al Nabatieh,2024-03-01,Armed clash,0
Lebanon,Al Nabatieh,2024-03-01,Attack,0
Lebanon,Al Nabatieh,2024-03-01,Shelling/artillery/missile attack,11
Lebanon,Al Nabatieh,2024-03-01,Remote explosive/landmine/IED,0
Lebanon,South,2024-03-01,Air/drone strike,17
Lebanon,South,2024-03-01,Armed clash,0
Lebanon,South,2024-03-01,Attack,0
Lebanon,South,2024-03-01,Shelling/artillery/missile attack,5
Lebanon,South,2024-03-01,Remote explosive/landmine/IED,0
Lebanon,Mount Lebanon,2024-03-01,Air/drone strike,0
Lebanon,Mount Lebanon,2024-03-01,Armed clash,0
Lebanon,Mount Lebanon,2024-03-01,Attack,0
Lebanon,Mount Lebanon,2024-03-01,Shelling/artillery/missile attack,0
Lebanon,Mount Lebanon,2024-03-01,Remote explosive/landmine/IED,0
Lebanon,Baalbek-Hermel,2024-03-01,Air/drone strike,9
Lebanon,Baalbek-Hermel,2024-03-01,Armed clash,0
Lebanon,Baalbek-Hermel,2024-03-01,Attack,0
Lebanon,Baalbek-Hermel,2024-03-01,Shelling/artillery/missile attack,0
Lebanon,Baalbek-Hermel,2024-03-01,Remote explosive/landmine/IED,0
Lebanon,Bekaa,2024-03-01,Air/drone strike,1
Lebanon,Bekaa,2024-03-01,Armed clash,0
Lebanon,Bekaa,2024-03-01,Attack,0
Lebanon,Bekaa,2024-03-01,Shelling/artillery/missile attack,0
Lebanon,Bekaa,2024-03-01,Remote explosive/landmine/IED,0
Lebanon,North,2024-03-01,Air/drone strike,0
Lebanon,North,2024-03-01,Armed clash,0
Lebanon,North,2024-03-01,Attack,0
Lebanon,North,2024-03-01,Shelling/artillery/missile attack,0
Lebanon,North,2024-03-01,Remote explosive/landmine/IED,0
Lebanon,Beirut,2024-03-01,Air/drone strike,0
Lebanon,Beirut,2024-03-01,Armed clash,0
Lebanon,Beirut,2024-03-01,Attack,0
Lebanon,Beirut,2024-03-01,Shelling/artillery/missile attack,0
Lebanon,Beirut,2024-03-01,Remote explosive/landmine/IED,0
Lebanon,Akkar,2024-03-01,Air/drone strike,0
Lebanon,Akkar,2024-03-01,Armed clash,0
Lebanon,Akkar,2024-03-01,Attack,0
Lebanon,Akkar,2024-03-01,Shelling/artillery/missile attack,0
Lebanon,Akkar,2024-03-01,Remote explosive/landmine/IED,0
Lebanon,Al Nabatieh,2024-04-01,Air/drone strike,24
Lebanon,Al Nabatieh,2024-04-01,Armed clash,1
Lebanon,Al Nabatieh,2024-04-01,Attack,0
Lebanon,Al Nabatieh,2024-04-01,Shelling/artillery/missile attack,2
Lebanon,Al Nabatieh,2024-04-01,Remote explosive/landmine/IED,0
Lebanon,South,2024-04-01,Air/drone strike,9
Lebanon,South,2024-04-01,Armed clash,0
Lebanon,South,2024-04-01,Attack,0
Lebanon,South,2024-04-01,Shelling/artillery/missile attack,0
Lebanon,South,2024-04-01,Remote explosive/landmine/IED,0
Lebanon,Mount Lebanon,2024-04-01,Air/drone strike,0
Lebanon,Mount Lebanon,2024-04-01,Armed clash,0
Lebanon,Mount Lebanon,2024-04-01,Attack,1
Lebanon,Mount Lebanon,2024-04-01,Shelling/artillery/missile attack,0
Lebanon,Mount Lebanon,2024-04-01,Remote explosive/landmine/IED,0
Lebanon,Baalbek-Hermel,2024-04-01,Air/drone strike,0
Lebanon,Baalbek-Hermel,2024-04-01,Armed clash,0
Lebanon,Baalbek-Hermel,2024-04-01,Attack,0
Lebanon,Baalbek-Hermel,2024-04-01,Shelling/artillery/missile attack,0
Lebanon,Baalbek-Hermel,2024-04-01,Remote explosive/landmine/IED,0
Lebanon,Bekaa,2024-04-01,Air/drone strike,2
Lebanon,Bekaa,2024-04-01,Armed clash,0
Lebanon,Bekaa,2024-04-01,Attack,0
Lebanon,Bekaa,2024-04-01,Shelling/artillery/missile attack,0
Lebanon,Bekaa,2024-04-01,Remote explosive/landmine/IED,0
Lebanon,North,2024-04-01,Air/drone strike,0
Lebanon,North,2024-04-01,Armed clash,0
Lebanon,North,2024-04-01,Attack,0
Lebanon,North,2024-04-01,Shelling/artillery/missile attack,0
Lebanon,North,2024-04-01,Remote explosive/landmine/IED,0
Lebanon,Beirut,2024-04-01,Air/drone strike,0
Lebanon,Beirut,2024-04-01,Armed clash,0
Lebanon,Beirut,2024-04-01,Attack,0
Lebanon,Beirut,2024-04-01,Shelling/artillery/missile attack,0
Lebanon,Beirut,2024-04-01,Remote explosive/landmine/IED,0
Lebanon,Akkar,2024-04-01,Air/drone strike,0
Lebanon,Akkar,2024-04-01,Armed clash,0
Lebanon,Akkar,2024-04-01,Attack,0
Lebanon,Akkar,2024-04-01,Shelling/artillery/missile attack,0
Lebanon,Akkar,2024-04-01,Remote explosive/landmine/IED,0
Lebanon,Al Nabatieh,2024-05-01,Air/drone strike,40
Lebanon,Al Nabatieh,2024-05-01,Armed clash,0
Lebanon,Al Nabatieh,2024-05-01,Attack,0
Lebanon,Al Nabatieh,2024-05-01,Shelling/artillery/missile attack,0
Lebanon,Al Nabatieh,2024-05-01,Remote explosive/landmine/IED,0
Lebanon,South,2024-05-01,Air/drone strike,22
Lebanon,South,2024-05-01,Armed clash,0
Lebanon,South,2024-05-01,Attack,0
Lebanon,South,2024-05-01,Shelling/artillery/missile attack,1
Lebanon,South,2024-05-01,Remote explosive/landmine/IED,0
Lebanon,Mount Lebanon,2024-05-01,Air/drone strike,0
Lebanon,Mount Lebanon,2024-05-01,Armed clash,0
Lebanon,Mount Lebanon,2024-05-01,Attack,0
Lebanon,Mount Lebanon,2024-05-01,Shelling/artillery/missile attack,0
Lebanon,Mount Lebanon,2024-05-01,Remote explosive/landmine/IED,0
Lebanon,Baalbek-Hermel,2024-05-01,Air/drone strike,0
Lebanon,Baalbek-Hermel,2024-05-01,Armed clash,0
Lebanon,Baalbek-Hermel,2024-05-01,Attack,0
Lebanon,Baalbek-Hermel,2024-05-01,Shelling/artillery/missile attack,0
Lebanon,Baalbek-Hermel,2024-05-01,Remote explosive/landmine/IED,0
Lebanon,Bekaa,2024-05-01,Air/drone strike,2
Lebanon,Bekaa,2024-05-01,Armed clash,0
Lebanon,Bekaa,2024-05-01,Attack,0
Lebanon,Bekaa,2024-05-01,Shelling/artillery/missile attack,0
Lebanon,Bekaa,2024-05-01,Remote explosive/landmine/IED,0
Lebanon,North,2024-05-01,Air/drone strike,0
Lebanon,North,2024-05-01,Armed clash,0
Lebanon,North,2024-05-01,Attack,0
Lebanon,North,2024-05-01,Shelling/artillery/missile attack,0
Lebanon,North,2024-05-01,Remote explosive/landmine/IED,0
Lebanon,Beirut,2024-05-01,Air/drone strike,0
Lebanon,Beirut,2024-05-01,Armed clash,0
Lebanon,Beirut,2024-05-01,Attack,0
Lebanon,Beirut,2024-05-01,Shelling/artillery/missile attack,0
Lebanon,Beirut,2024-05-01,Remote explosive/landmine/IED,0
Lebanon,Akkar,2024-05-01,Air/drone strike,0
Lebanon,Akkar,2024-05-01,Armed clash,0
Lebanon,Akkar,2024-05-01,Attack,0
Lebanon,Akkar,2024-05-01,Shelling/artillery/missile attack,0
Lebanon,Akkar,2024-05-01,Remote explosive/landmine/IED,0
Lebanon,Al Nabatieh,2024-06-01,Air/drone strike,26
Lebanon,Al Nabatieh,2024-06-01,Armed clash,0
Lebanon,Al Nabatieh,2024-06-01,Attack,0
Lebanon,Al Nabatieh,2024-06-01,Shelling/artillery/missile attack,1
Lebanon,Al Nabatieh,2024-06-01,Remote explosive/landmine/IED,0
Lebanon,South,2024-06-01,Air/drone strike,17
Lebanon,South,2024-06-01,Armed clash,0
Lebanon,South,2024-06-01,Attack,0
Lebanon,South,2024-06-01,Shelling/artillery/missile attack,0
Lebanon,South,2024-06-01,Remote explosive/landmine/IED,0
Lebanon,Mount Lebanon,2024-06-01,Air/drone strike,0
Lebanon,Mount Lebanon,2024-06-01,Armed clash,0
Lebanon,Mount Lebanon,2024-06-01,Attack,0
Lebanon,Mount Lebanon,2024-06-01,Shelling/artillery/missile attack,0
Lebanon,Mount Lebanon,2024-06-01,Remote explosive/landmine/IED,0
Lebanon,Baalbek-Hermel,2024-06-01,Air/drone strike,5
Lebanon,Baalbek-Hermel,2024-06-01,Armed clash,0
Lebanon,Baalbek-Hermel,2024-06-01,Attack,0
Lebanon,Baalbek-Hermel,2024-06-01,Shelling/artillery/missile attack,0
Lebanon,Baalbek-Hermel,2024-06-01,Remote explosive/landmine/IED,0
Lebanon,Bekaa,2024-06-01,Air/drone strike,3
Lebanon,Bekaa,2024-06-01,Armed clash,0
Lebanon,Bekaa,2024-06-01,Attack,0
Lebanon,Bekaa,2024-06-01,Shelling/artillery/missile attack,0
Lebanon,Bekaa,2024-06-01,Remote explosive/landmine/IED,0
Lebanon,North,2024-06-01,Air/drone strike,0
Lebanon,North,2024-06-01,Armed clash,0
Lebanon,North,2024-06-01,Attack,0
Lebanon,North,2024-06-01,Shelling/artillery/missile attack,0
Lebanon,North,2024-06-01,Remote explosive/landmine/IED,0
Lebanon,Beirut,2024-06-01,Air/drone strike,0
Lebanon,Beirut,2024-06-01,Armed clash,0
Lebanon,Beirut,2024-06-01,Attack,0
Lebanon,Beirut,2024-06-01,Shelling/artillery/missile attack,0
Lebanon,Beirut,2024-06-01,Remote explosive/landmine/IED,0
Lebanon,Akkar,2024-06-01,Air/drone strike,0
Lebanon,Akkar,2024-06-01,Armed clash,0
Lebanon,Akkar,2024-06-01,Attack,0
Lebanon,Akkar,2024-06-01,Shelling/artillery/missile attack,0
Lebanon,Akkar,2024-06-01,Remote explosive/landmine/IED,0
Lebanon,Al Nabatieh,2024-07-01,Air/drone strike,31
Lebanon,Al Nabatieh,2024-07-01,Armed clash,0
Lebanon,Al Nabatieh,2024-07-01,Attack,0
Lebanon,Al Nabatieh,2024-07-01,Shelling/artillery/missile attack,0
Lebanon,Al Nabatieh,2024-07-01,Remote explosive/landmine/IED,0
Lebanon,South,2024-07-01,Air/drone strike,11
Lebanon,South,2024-07-01,Armed clash,0
Lebanon,South,2024-07-01,Attack,0
Lebanon,South,2024-07-01,Shelling/artillery/missile attack,0
Lebanon,South,2024-07-01,Remote explosive/landmine/IED,0
Lebanon,Mount Lebanon,2024-07-01,Air/drone strike,7
Lebanon,Mount Lebanon,2024-07-01,Armed clash,0
Lebanon,Mount Lebanon,2024-07-01,Attack,0
Lebanon,Mount Lebanon,2024-07-01,Shelling/artillery/missile attack,0
Lebanon,Mount Lebanon,2024-07-01,Remote explosive/landmine/IED,0
Lebanon,Baalbek-Hermel,2024-07-01,Air/drone strike,1
Lebanon,Baalbek-Hermel,2024-07-01,Armed clash,0
Lebanon,Baalbek-Hermel,2024-07-01,Attack,0
Lebanon,Baalbek-Hermel,2024-07-01,Shelling/artillery/missile attack,0
Lebanon,Baalbek-Hermel,2024-07-01,Remote explosive/landmine/IED,0
Lebanon,Bekaa,2024-07-01,Air/drone strike,1
Lebanon,Bekaa,2024-07-01,Armed clash,0
Lebanon,Bekaa,2024-07-01,Attack,0
Lebanon,Bekaa,2024-07-01,Shelling/artillery/missile attack,0
Lebanon,Bekaa,2024-07-01,Remote explosive/landmine/IED,0
Lebanon,North,2024-07-01,Air/drone strike,0
Lebanon,North,2024-07-01,Armed clash,0
Lebanon,North,2024-07-01,Attack,0
Lebanon,North,2024-07-01,Shelling/artillery/missile attack,0
Lebanon,North,2024-07-01,Remote explosive/landmine/IED,0
Lebanon,Beirut,2024-07-01,Air/drone strike,0
Lebanon,Beirut,2024-07-01,Armed clash,0
Lebanon,Beirut,2024-07-01,Attack,0
Lebanon,Beirut,2024-07-01,Shelling/artillery/missile attack,0
Lebanon,Beirut,2024-07-01,Remote explosive/landmine/IED,0
Lebanon,Akkar,2024-07-01,Air/drone strike,0
Lebanon,Akkar,2024-07-01,Armed clash,0
Lebanon,Akkar,2024-07-01,Attack,0
Lebanon,Akkar,2024-07-01,Shelling/artillery/missile attack,0
Lebanon,Akkar,2024-07-01,Remote explosive/landmine/IED,0
Lebanon,Al Nabatieh,2024-08-01,Air/drone strike,47
Lebanon,Al Nabatieh,2024-08-01,Armed clash,0
Lebanon,Al Nabatieh,2024-08-01,Attack,0
Lebanon,Al Nabatieh,2024-08-01,Shelling/artillery/missile attack,2
Lebanon,Al Nabatieh,2024-08-01,Remote explosive/landmine/IED,0
Lebanon,South,2024-08-01,Air/drone strike,23
Lebanon,South,2024-08-01,Armed clash,0
Lebanon,South,2024-08-01,Attack,0
Lebanon,South,2024-08-01,Shelling/artillery/missile attack,0
Lebanon,South,2024-08-01,Remote explosive/landmine/IED,0
Lebanon,Mount Lebanon,2024-08-01,Air/drone strike,0
Lebanon,Mount Lebanon,2024-08-01,Armed clash,0
Lebanon,Mount Lebanon,2024-08-01,Attack,0
Lebanon,Mount Lebanon,2024-08-01,Shelling/artillery/missile attack,0
Lebanon,Mount Lebanon,2024-08-01,Remote explosive/landmine/IED,0
Lebanon,Baalbek-Hermel,2024-08-01,Air/drone strike,1
Lebanon,Baalbek-Hermel,2024-08-01,Armed clash,0
Lebanon,Baalbek-Hermel,2024-08-01,Attack,0
Lebanon,Baalbek-Hermel,2024-08-01,Shelling/artillery/missile attack,0
Lebanon,Baalbek-Hermel,2024-08-01,Remote explosive/landmine/IED,0
Lebanon,Bekaa,2024-08-01,Air/drone strike,0
Lebanon,Bekaa,2024-08-01,Armed clash,0
Lebanon,Bekaa,2024-08-01,Attack,0
Lebanon,Bekaa,2024-08-01,Shelling/artillery/missile attack,0
Lebanon,Bekaa,2024-08-01,Remote explosive/landmine/IED,0
Lebanon,North,2024-08-01,Air/drone strike,0
Lebanon,North,2024-08-01,Armed clash,0
Lebanon,North,2024-08-01,Attack,0
Lebanon,North,2024-08-01,Shelling/artillery/missile attack,0
Lebanon,North,2024-08-01,Remote explosive/landmine/IED,0
Lebanon,Beirut,2024-08-01,Air/drone strike,0
Lebanon,Beirut,2024-08-01,Armed clash,0
Lebanon,Beirut,2024-08-01,Attack,0
Lebanon,Beirut,2024-08-01,Shelling/artillery/missile attack,0
Lebanon,Beirut,2024-08-01,Remote explosive/landmine/IED,0
Lebanon,Akkar,2024-08-01,Air/drone strike,0
Lebanon,Akkar,2024-08-01,Armed clash,0
Lebanon,Akkar,2024-08-01,Attack,0
Lebanon,Akkar,2024-08-01,Shelling/artillery/missile attack,0
Lebanon,Akkar,2024-08-01,Remote explosive/landmine/IED,0
Lebanon,Al Nabatieh,2024-09-01,Air/drone strike,150
Lebanon,Al Nabatieh,2024-09-01,Armed clash,0
Lebanon,Al Nabatieh,2024-09-01,Attack,0
Lebanon,Al Nabatieh,2024-09-01,Shelling/artillery/missile attack,3
Lebanon,Al Nabatieh,2024-09-01,Remote explosive/landmine/IED,10
Lebanon,South,2024-09-01,Air/drone strike,526
Lebanon,South,2024-09-01,Armed clash,2
Lebanon,South,2024-09-01,Attack,0
Lebanon,South,2024-09-01,Shelling/artillery/missile attack,0
Lebanon,South,2024-09-01,Remote explosive/landmine/IED,19
Lebanon,Mount Lebanon,2024-09-01,Air/drone strike,133
Lebanon,Mount Lebanon,2024-09-01,Armed clash,0
Lebanon,Mount Lebanon,2024-09-01,Attack,0
Lebanon,Mount Lebanon,2024-09-01,Shelling/artillery/missile attack,0
Lebanon,Mount Lebanon,2024-09-01,Remote explosive/landmine/IED,2
Lebanon,Baalbek-Hermel,2024-09-01,Air/drone strike,287
Lebanon,Baalbek-Hermel,2024-09-01,Armed clash,0
Lebanon,Baalbek-Hermel,2024-09-01,Attack,0
Lebanon,Baalbek-Hermel,2024-09-01,Shelling/artillery/missile attack,0
Lebanon,Baalbek-Hermel,2024-09-01,Remote explosive/landmine/IED,8
Lebanon,Bekaa,2024-09-01,Air/drone strike,49
Lebanon,Bekaa,2024-09-01,Armed clash,0
Lebanon,Bekaa,2024-09-01,Attack,0
Lebanon,Bekaa,2024-09-01,Shelling/artillery/missile attack,0
Lebanon,Bekaa,2024-09-01,Remote explosive/landmine/IED,0
Lebanon,North,2024-09-01,Air/drone strike,0
Lebanon,North,2024-09-01,Armed clash,0
Lebanon,North,2024-09-01,Attack,0
Lebanon,North,2024-09-01,Shelling/artillery/missile attack,0
Lebanon,North,2024-09-01,Remote explosive/landmine/IED,0
Lebanon,Beirut,2024-09-01,Air/drone strike,4
Lebanon,Beirut,2024-09-01,Armed clash,0
Lebanon,Beirut,2024-09-01,Attack,0
Lebanon,Beirut,2024-09-01,Shelling/artillery/missile attack,0
Lebanon,Beirut,2024-09-01,Remote explosive/landmine/IED,2
Lebanon,Akkar,2024-09-01,Air/drone strike,0
Lebanon,Akkar,2024-09-01,Armed clash,0
Lebanon,Akkar,2024-09-01,Attack,0
Lebanon,Akkar,2024-09-01,Shelling/artillery/missile attack,0
Lebanon,Akkar,2024-09-01,Remote explosive/landmine/IED,0
Lebanon,Al Nabatieh,2024-10-01,Air/drone strike,317
Lebanon,Al Nabatieh,2024-10-01,Armed clash,26
Lebanon,Al Nabatieh,2024-10-01,Attack,0
Lebanon,Al Nabatieh,2024-10-01,Shelling/artillery/missile attack,10
Lebanon,Al Nabatieh,2024-10-01,Remote explosive/landmine/IED,5
Lebanon,South,2024-10-01,Air/drone strike,277
Lebanon,South,2024-10-01,Armed clash,2
Lebanon,South,2024-10-01,Attack,0
Lebanon,South,2024-10-01,Shelling/artillery/missile attack,0
Lebanon,South,2024-10-01,Remote explosive/landmine/IED,0
Lebanon,Mount Lebanon,2024-10-01,Air/drone strike,100
Lebanon,Mount Lebanon,2024-10-01,Armed clash,0
Lebanon,Mount Lebanon,2024-10-01,Attack,0
Lebanon,Mount Lebanon,2024-10-01,Shelling/artillery/missile attack,0
Lebanon,Mount Lebanon,2024-10-01,Remote explosive/landmine/IED,0
Lebanon,Baalbek-Hermel,2024-10-01,Air/drone strike,175
Lebanon,Baalbek-Hermel,2024-10-01,Armed clash,0
Lebanon,Baalbek-Hermel,2024-10-01,Attack,0
Lebanon,Baalbek-Hermel,2024-10-01,Shelling/artillery/missile attack,0
Lebanon,Baalbek-Hermel,2024-10-01,Remote explosive/landmine/IED,0
Lebanon,Bekaa,2024-10-01,Air/drone strike,58
Lebanon,Bekaa,2024-10-01,Armed clash,0
Lebanon,Bekaa,2024-10-01,Attack,0
Lebanon,Bekaa,2024-10-01,Shelling/artillery/missile attack,0
Lebanon,Bekaa,2024-10-01,Remote explosive/landmine/IED,0
Lebanon,North,2024-10-01,Air/drone strike,29
Lebanon,North,2024-10-01,Armed clash,0
Lebanon,North,2024-10-01,Attack,0
Lebanon,North,2024-10-01,Shelling/artillery/missile attack,0
Lebanon,North,2024-10-01,Remote explosive/landmine/IED,0
Lebanon,Beirut,2024-10-01,Air/drone strike,43
Lebanon,Beirut,2024-10-01,Armed clash,0
Lebanon,Beirut,2024-10-01,Attack,0
Lebanon,Beirut,2024-10-01,Shelling/artillery/missile attack,0
Lebanon,Beirut,2024-10-01,Remote explosive/landmine/IED,0
Lebanon,Akkar,2024-10-01,Air/drone strike,0
Lebanon,Akkar,2024-10-01,Armed clash,0
Lebanon,Akkar,2024-10-01,Attack,0
Lebanon,Akkar,2024-10-01,Shelling/artillery/missile attack,0
Lebanon,Akkar,2024-10-01,Remote explosive/landmine/IED,0
Lebanon,Al Nabatieh,2024-11-01,Air/drone strike,153
Lebanon,Al Nabatieh,2024-11-01,Armed clash,5
Lebanon,Al Nabatieh,2024-11-01,Attack,0
Lebanon,Al Nabatieh,2024-11-01,Shelling/artillery/missile attack,12
Lebanon,Al Nabatieh,2024-11-01,Remote explosive/landmine/IED,0
Lebanon,South,2024-11-01,Air/drone strike,305
Lebanon,South,2024-11-01,Armed clash,2
Lebanon,South,2024-11-01,Attack,0
Lebanon,South,2024-11-01,Shelling/artillery/missile attack,2
Lebanon,South,2024-11-01,Remote explosive/landmine/IED,0
Lebanon,Mount Lebanon,2024-11-01,Air/drone strike,105
Lebanon,Mount Lebanon,2024-11-01,Armed clash,0
Lebanon,Mount Lebanon,2024-11-01,Attack,0
Lebanon,Mount Lebanon,2024-11-01,Shelling/artillery/missile attack,0
Lebanon,Mount Lebanon,2024-11-01,Remote explosive/landmine/IED,0
Lebanon,Baalbek-Hermel,2024-11-01,Air/drone strike,302
Lebanon,Baalbek-Hermel,2024-11-01,Armed clash,0
Lebanon,Baalbek-Hermel,2024-11-01,Attack,0
Lebanon,Baalbek-Hermel,2024-11-01,Shelling/artillery/missile attack,1
Lebanon,Baalbek-Hermel,2024-11-01,Remote explosive/landmine/IED,0
Lebanon,Bekaa,2024-11-01,Air/drone strike,39
Lebanon,Bekaa,2024-11-01,Armed clash,0
Lebanon,Bekaa,2024-11-01,Attack,0
Lebanon,Bekaa,2024-11-01,Shelling/artillery/missile attack,0
Lebanon,Bekaa,2024-11-01,Remote explosive/landmine/IED,0
Lebanon,North,2024-11-01,Air/drone strike,0
Lebanon,North,2024-11-01,Armed clash,0
Lebanon,North,2024-11-01,Attack,0
Lebanon,North,2024-11-01,Shelling/artillery/missile attack,0
Lebanon,North,2024-11-01,Remote explosive/landmine/IED,0
Lebanon,Beirut,2024-11-01,Air/drone strike,46
Lebanon,Beirut,2024-11-01,Armed clash,0
Lebanon,Beirut,2024-11-01,Attack,0
Lebanon,Beirut,2024-11-01,Shelling/artillery/missile attack,0
Lebanon,Beirut,2024-11-01,Remote explosive/landmine/IED,0
Lebanon,Akkar,2024-11-01,Air/drone strike,29
Lebanon,Akkar,2024-11-01,Armed clash,0
Lebanon,Akkar,2024-11-01,Attack,0
Lebanon,Akkar,2024-11-01,Shelling/artillery/missile attack,0
Lebanon,Akkar,2024-11-01,Remote explosive/landmine/IED,0
Lebanon,Al Nabatieh,2024-12-01,Air/drone strike,0
Lebanon,Al Nabatieh,2024-12-01,Armed clash,0
Lebanon,Al Nabatieh,2024-12-01,Attack,0
Lebanon,Al Nabatieh,2024-12-01,Shelling/artillery/missile attack,0
Lebanon,Al Nabatieh,2024-12-01,Remote explosive/landmine/IED,0
Lebanon,South,2024-12-01,Air/drone strike,0
Lebanon,South,2024-12-01,Armed clash,0
Lebanon,South,2024-12-01,Attack,0
Lebanon,South,2024-12-01,Shelling/artillery/missile attack,0
Lebanon,South,2024-12-01,Remote explosive/landmine/IED,0
Lebanon,Mount Lebanon,2024-12-01,Air/drone strike,0
Lebanon,Mount Lebanon,2024-12-01,Armed clash,0
Lebanon,Mount Lebanon,2024-12-01,Attack,0
Lebanon,Mount Lebanon,2024-12-01,Shelling/artillery/missile attack,0
Lebanon,Mount Lebanon,2024-12-01,Remote explosive/landmine/IED,0
Lebanon,Baalbek-Hermel,2024-12-01,Air/drone strike,0
Lebanon,Baalbek-Hermel,2024-12-01,Armed clash,0
Lebanon,Baalbek-Hermel,2024-12-01,Attack,0
Lebanon,Baalbek-Hermel,2024-12-01,Shelling/artillery/missile attack,0
Lebanon,Baalbek-Hermel,2024-12-01,Remote explosive/landmine/IED,0
Lebanon,Bekaa,2024-12-01,Air/drone strike,0
Lebanon,Bekaa,2024-12-01,Armed clash,0
Lebanon,Bekaa,2024-12-01,Attack,0
Lebanon,Bekaa,2024-12-01,Shelling/artillery/missile attack,0
Lebanon,Bekaa,2024-12-01,Remote explosive/landmine/IED,0
Lebanon,North,2024-12-01,Air/drone strike,0
Lebanon,North,2024-12-01,Armed clash,0
Lebanon,North,2024-12-01,Attack,0
Lebanon,North,2024-12-01,Shelling/artillery/missile attack,0
Lebanon,North,2024-12-01,Remote explosive/landmine/IED,0
Lebanon,Beirut,2024-12-01,Air/drone strike,0
Lebanon,Beirut,2024-12-01,Armed clash,0
Lebanon,Beirut,2024-12-01,Attack,0
Lebanon,Beirut,2024-12-01,Shelling/artillery/missile attack,0
Lebanon,Beirut,2024-12-01,Remote explosive/landmine/IED,0
Lebanon,Akkar,2024-12-01,Air/drone strike,0
Lebanon,Akkar,2024-12-01,Armed clash,0
Lebanon,Akkar,2024-12-01,Attack,0
Lebanon,Akkar,2024-12-01,Shelling/artillery/missile attack,0
Lebanon,Akkar,2024-12-01,Remote explosive/landmine/IED,0
